{"cameraMode":{"drawMode":0,"name":"Shaded","section":"Shading Mode"},"sceneLighting":false,"audioPlay":false,"sceneViewState":{"showFog":true,"showMaterialUpdate":false,"showSkybox":true,"showFlares":true,"showImageEffects":true,"showParticleSystems":true},"in2DMode":false,"pivot":{"x":-1.998894214630127,"y":3.9622116088867189,"z":7.463377952575684},"rotation":{"x":-0.11210735887289047,"y":-0.1831384152173996,"z":0.02102644369006157,"w":-0.9764477014541626},"size":16.95252799987793,"orthographic":false}